input,output,pearson,spearman,mutual information (sklearn),MIC,MAS,MEV,MCN_general
pr,evap,0.0011482546929927524,-0.0034254961195125774,0.0008393980516343547,0.02615977489919955,0.000522534626299271,0.02615977489919955,3.5849625007211565
pr,potevap,-6.032321424964855e-05,0.0017910353660276026,0.0005187167395490633,0.02668892524460025,0.0007737532097894795,0.02668892524460025,3.5849625007211565
pr,qr,0.0013848320621063634,-0.0023255167871860023,0.00208402380245154,0.026384916662863987,0.0005058730392661429,0.026384916662863987,3.5849625007211565
pr,qtot,-0.005156101081003992,-0.0036048675522998806,0.0006386748606272974,0.025843373210188363,0.0008082364696468071,0.025843373210188363,3.5849625007211565
netrad,evap,-0.0041260105908121235,-0.00589146217795378,0.0,0.02643152704097512,0.00032542057807405204,0.02643152704097512,3.5849625007211565
netrad,potevap,-0.0012859536558086514,-0.002277712266408266,0.0,0.026170402686932968,0.0006019100854343547,0.026170402686932968,3.3219280948873626
netrad,qr,-0.004747325088899429,-0.0035887079659921075,0.0,0.02639083594182481,0.00183100727633171,0.02639083594182481,3.5849625007211565
netrad,qtot,-6.684038866248149e-05,-0.005135061009166135,0.0,0.02582000975699235,0.0005508904551823016,0.02582000975699235,3.3219280948873626
