input,output,pearson,spearman,mutual information (sklearn),MIC,MAS,MEV,MCN_general
pr,evap,-0.0006842755852566698,-0.0024420344745193947,0.0030576227655467747,0.026516309211424543,0.0004792859219176146,0.026516309211424543,3.8073549220576037
pr,potevap,-0.0009056618918698301,0.004342914712191245,0.0,0.026676180463903666,0.00043951035288630064,0.026676180463903666,3.5849625007211565
pr,qr,0.005562509621811212,-0.0004078664226032114,0.00043372146582409954,0.02740006439473967,0.0008076475319176869,0.02740006439473967,3.8073549220576037
pr,qtot,-0.0016798966041744407,0.000273714600312939,0.0,0.02718443059459289,0.0013589339538642477,0.02718443059459289,3.3219280948873626
netrad,evap,0.002932353148819566,0.0053874421651325805,0.0015043069803306608,0.026608727194275112,0.0008354748087572063,0.026608727194275112,3.5849625007211565
netrad,potevap,-0.001012994249951952,-0.0018163382446960527,0.0,0.026682548757047196,0.0004398335625596687,0.026682548757047196,3.5849625007211565
netrad,qr,-0.0001900033538630645,-0.0037360093215702576,0.004919561425762886,0.02640800574577697,0.0008450128187839703,0.02640800574577697,3.5849625007211565
netrad,qtot,0.007407056883249528,0.0004293341161505605,0.0,0.026528517392211397,0.0007596922306995525,0.026528517392211397,3.3219280948873626
