input,output,pearson,spearman,mutual information (sklearn),MIC,MAS,MEV,MCN_general
pr,evap,0.00414599484701756,0.005033258918019303,0.0015439044502869592,0.027022361516938754,0.0007190329844495181,0.027022361516938754,3.5849625007211565
pr,potevap,-0.0020487080351587884,0.002299989793311951,0.0,0.02671714375974069,0.0006073956130112513,0.02671714375974069,3.5849625007211565
pr,qr,0.0029316529048044014,0.0037610671363912324,0.0,0.0264767625592181,0.0007271010154490387,0.0264767625592181,3.5849625007211565
pr,qtot,0.004854661348430223,0.0019917370108118995,0.0,0.02572810457093898,0.0007774278359029951,0.02572810457093898,3.3219280948873626
netrad,evap,0.0004804767284450436,0.00010668427915254933,0.0,0.025572929924654455,0.0002807034868815353,0.025572929924654455,3.5849625007211565
netrad,potevap,0.0025085707126285568,0.0013912093564086426,0.0,0.026817908088173366,0.00047080628783386855,0.026817908088173366,3.5849625007211565
netrad,qr,0.0032485336366817586,0.004906297557046921,0.00034530630477114244,0.02680431693020426,0.0010176377662291097,0.02680431693020426,3.5849625007211565
netrad,qtot,0.001102371546362721,0.003627712102137633,0.004260753981046861,0.026595550659546722,0.0015262758854481355,0.026595550659546722,3.5849625007211565
