input,output,pearson,spearman,mutual information (sklearn),MIC,MAS,MEV,MCN_general
pr,evap,0.005552697650136202,0.006062714673887356,0.0,0.026620146343990823,0.00046886407522941237,0.026620146343990823,3.5849625007211565
pr,potevap,0.0015089370889465644,-0.0002895865489847739,0.0,0.026090244477721763,0.0005055365148240757,0.026090244477721763,3.5849625007211565
pr,qr,0.001856475022529286,-0.004486131792715629,0.0,0.02666173507289249,0.0008345137241299178,0.02666173507289249,3.5849625007211565
pr,qtot,-0.0034761023853445115,-0.0012170314595814874,0.0033031288193283714,0.026266051954854708,0.001210365715987335,0.026266051954854708,3.5849625007211565
netrad,evap,0.003393923891338518,0.001602715445729488,0.0,0.026341657304502122,0.0005538114875098706,0.026341657304502122,3.5849625007211565
netrad,potevap,0.007181029438765734,0.006089604963673976,0.0,0.026775377351124362,0.0010867324100273731,0.026775377351124362,3.5849625007211565
netrad,qr,-0.0037658411003444097,-0.0022854902328712074,0.0,0.026397932726716058,0.0006079296009986069,0.026397932726716058,3.5849625007211565
netrad,qtot,-0.002417169651546614,-0.0013967220173818236,0.0,0.026572707857926467,0.0006300532562674103,0.026572707857926467,3.3219280948873626
