input,output,pearson,spearman,mutual information (sklearn),MIC,MAS,MEV,MCN_general
pr,evap,-0.00313026260101625,-0.005518253770248842,0.004190042668540173,0.025782938675927344,0.00042310262131020973,0.025782938675927344,3.3219280948873626
pr,potevap,0.001925109115388716,0.0031998003173809983,0.0,0.02645216337620636,0.001035758360431703,0.02645216337620636,3.5849625007211565
pr,qr,-0.0019127600595283244,0.002032732619081079,0.004802844066481349,0.026124540237383732,0.001269088003556535,0.026124540237383732,3.5849625007211565
pr,qtot,-0.002787938635763914,0.0005848550974154319,0.0,0.02570184106730032,0.0005829918541494826,0.02570184106730032,3.5849625007211565
netrad,evap,-0.0017740905044423526,-0.0003299117983635166,0.0,0.026731977398349177,0.0011116053567427932,0.026731977398349177,3.5849625007211565
netrad,potevap,0.006018966733794016,0.005141865354812901,0.0005069192679414414,0.027789725438846193,0.0014109779474560484,0.027789725438846193,3.5849625007211565
netrad,qr,-0.0019781169166665953,-0.0029599530992812473,0.00729263247375922,0.026822048602843204,0.0007460656062903866,0.026822048602843204,3.8073549220576037
netrad,qtot,0.00456603546683631,0.00494170393793265,0.0,0.02680033873660786,0.0009328559682262282,0.02680033873660786,3.5849625007211565
