input,output,pearson,spearman,mutual information (sklearn),MIC,MAS,MEV,MCN_general
pr,evap,-0.002767054205683987,-0.0073151538149745015,0.00426543457686801,0.026742334896807805,0.001006995193628124,0.026742334896807805,3.5849625007211565
pr,potevap,0.004426201391084363,0.00472154609158528,0.0,0.027430247125540118,0.001755463942663852,0.027430247125540118,3.3219280948873626
pr,qr,0.007381500180924705,-0.0031801657468002427,0.0,0.026308877209232293,0.0009999076459358894,0.026308877209232293,3.3219280948873626
pr,qtot,0.004552594178439173,0.004590990395508214,0.0012747294937369702,0.027412971211090476,0.0022342164826627785,0.027412971211090476,3.5849625007211565
netrad,evap,0.0017207975876621412,0.0023995272491614678,0.0015278485343115378,0.02661178247751844,0.00105990233766598,0.02661178247751844,3.3219280948873626
netrad,potevap,0.0008276109746253824,0.00037350127129550596,0.0,0.02640474807593599,0.0012040508095043576,0.02640474807593599,3.5849625007211565
netrad,qr,-0.004924988974799047,-0.0014524563626396726,0.0,0.02547076030679832,0.0005650325865836376,0.02547076030679832,3.5849625007211565
netrad,qtot,-0.0017495900735412578,0.00422607653405039,0.0,0.02627452032090884,0.0003667489253612148,0.02627452032090884,3.5849625007211565
