input,output,pearson,spearman,mutual information (sklearn),MIC,MAS,MEV,MCN_general
pr,evap,0.0035143111679158366,0.002270877627035799,0.0,0.02611128437248629,0.000980149651031166,0.02611128437248629,3.5849625007211565
pr,potevap,-0.007639122509416204,-0.008097362131995491,0.0,0.026409375610880775,0.0013213206881602033,0.026409375610880775,3.5849625007211565
pr,qr,-0.001708220523569959,0.0008875548640627077,0.0,0.027418164879072643,0.0014289335005842722,0.027418164879072643,3.5849625007211565
pr,qtot,0.006846381425826484,0.0028348390921621226,0.0,0.026015624842208353,0.0006448065073872619,0.026015624842208353,3.5849625007211565
netrad,evap,-0.0047137137043326525,-0.00339802747027584,0.002770982898554486,0.026290403669878788,0.0005644076250019472,0.026290403669878788,3.5849625007211565
netrad,potevap,0.002532745304365697,0.0026265537777508305,0.001841236678817637,0.026499045895725874,0.0003698658181587357,0.026499045895725874,3.3219280948873626
netrad,qr,0.0025261517255906352,-0.0012031489014348523,0.0,0.02500936947567393,0.0005046843566872301,0.02500936947567393,3.5849625007211565
netrad,qtot,-0.0016706451933616304,-0.003732467617387984,0.0031941028166171392,0.02722568703538863,0.0020937286575303075,0.02722568703538863,3.5849625007211565
