input,output,pearson,spearman,mutual information (sklearn),MIC,MAS,MEV,MCN_general
pr,evap,-0.003912273306819014,0.001918455923683515,0.0,0.02746262167604278,0.0012640441427764285,0.02746262167604278,3.5849625007211565
pr,potevap,-0.0013807066792691186,-0.00453360646465684,0.0,0.026415636826699226,0.0012127341372765547,0.026415636826699226,3.5849625007211565
pr,qr,0.003589368506415537,0.00654925463811423,0.0,0.026500655203128127,0.0012063787453858062,0.026500655203128127,3.3219280948873626
pr,qtot,-0.001894333605256172,-0.005444040860924757,0.0,0.026693913597134196,0.0010664347631013857,0.026693913597134196,3.5849625007211565
netrad,evap,-0.000407024769063014,-0.0015006327314052604,0.0,0.026550311148874094,0.001032773939935401,0.026550311148874094,3.5849625007211565
netrad,potevap,-0.001849211872539878,-0.0028317285321267055,0.0,0.027060088875105453,0.0015002425179417023,0.027060088875105453,3.5849625007211565
netrad,qr,-0.0024066807262439756,0.002627708013756134,0.001892065642141283,0.026631431392219893,0.00046438822381319675,0.026631431392219893,3.5849625007211565
netrad,qtot,-0.005537038419926879,-0.004134704358921213,0.004064851154631732,0.025611523720667693,0.0005381616422693806,0.025611523720667693,3.5849625007211565
