input,output,pearson,spearman,mutual information (sklearn),MIC,MAS,MEV,MCN_general
pr,evap,-0.0018277754826062779,-0.0033547828655607196,0.0,0.02591666728799432,0.0005716693854641991,0.02591666728799432,3.5849625007211565
pr,potevap,-0.00428454265605269,-0.004199601618123729,0.000762426574898889,0.02540366025943292,0.0003881663209763398,0.02540366025943292,3.3219280948873626
pr,qr,-0.006338361720939312,-0.001180644613899334,0.0,0.025717677767556114,0.000583869146188,0.025717677767556114,3.3219280948873626
pr,qtot,-0.0035547087500335034,-0.0009353978830800459,0.002522876005688346,0.027586516069052266,0.001759529275728814,0.027586516069052266,3.8073549220576037
netrad,evap,0.0049633079781290735,0.0011367854091520726,0.0012824328780904892,0.026081333855345386,0.0006287917277699069,0.026081333855345386,3.5849625007211565
netrad,potevap,-0.005065419810644851,-0.005868334958107306,0.0,0.02561985125658645,0.00042867179915997283,0.02561985125658645,3.3219280948873626
netrad,qr,0.0029022351821492084,0.007034076535074884,0.003239895287133976,0.026176934248824887,0.0007429883630592771,0.026176934248824887,3.5849625007211565
netrad,qtot,0.0024418319057130664,-5.851398004930238e-05,0.0,0.026017478674454808,0.0004081271629491727,0.026017478674454808,3.5849625007211565
