input,output,pearson,spearman,mutual information (sklearn),MIC,MAS,MEV,MCN_general
pr,evap,-0.0007736030319384578,0.0008904497292434435,0.0,0.027025174637208705,0.0010338703352725208,0.027025174637208705,3.5849625007211565
pr,potevap,0.004457600346311122,0.0070688217055847585,7.225343464245526e-05,0.026660723322305572,0.0008874845563350033,0.026660723322305572,3.5849625007211565
pr,qr,0.0017364137196254515,3.411218627876084e-05,0.0,0.0257400862796115,0.00044305118959665074,0.0257400862796115,3.5849625007211565
pr,qtot,-0.008471078560408662,-0.0020822324126280106,0.0006811596995675018,0.027057539005489045,0.00093163208439212,0.027057539005489045,3.3219280948873626
netrad,evap,-0.008292130162153811,-0.007396269341434153,0.0,0.0271065678078475,0.0012681213884307395,0.0271065678078475,3.3219280948873626
netrad,potevap,0.002953151066700256,0.0029940389607726967,0.0003078808646765907,0.027143751439972493,0.0013377415013677528,0.027143751439972493,3.5849625007211565
netrad,qr,0.003568301279223827,0.002027552308212745,0.0,0.026794043899099205,0.0006269401888726531,0.026794043899099205,3.3219280948873626
netrad,qtot,0.001618994730004324,0.006403280657680544,0.00600318912207598,0.026660192828859865,0.0010045013284559895,0.026660192828859865,3.5849625007211565
