input,output,pearson,spearman,mutual information (sklearn),MIC,MAS,MEV,MCN_general
pr,evap,0.0026901680202560314,0.0026498524824169786,0.0017214738355351145,0.027284890355696253,0.0006131462469358868,0.027284890355696253,3.5849625007211565
pr,potevap,0.0049718615092186735,0.0030084693058587578,0.003561276166824001,0.02618311840407169,0.0007603799606541381,0.02618311840407169,3.5849625007211565
pr,qr,0.0125655454489903,0.0012084690009581673,0.0,0.026970442104332675,0.002245585501722002,0.026970442104332675,3.5849625007211565
pr,qtot,0.00019359840564562095,0.004883606789859969,0.0,0.026673931006721142,0.001132323244412422,0.026673931006721142,3.5849625007211565
netrad,evap,0.003986575285979077,0.0030483243025567837,0.0,0.027386613918555736,0.001556194028543921,0.027386613918555736,3.8073549220576037
netrad,potevap,0.0005900927362284861,0.000930576970475368,0.0,0.026592817341430357,0.0006566858712484559,0.026592817341430357,3.5849625007211565
netrad,qr,0.0018180369741669453,0.0007769053833245548,0.002149128203042139,0.02581845109796884,0.0010592853273701588,0.02581845109796884,3.3219280948873626
netrad,qtot,0.00027253327039137784,-0.0005688569157030485,0.0,0.026945799113374812,0.0005151789914954377,0.026945799113374812,3.5849625007211565
