input,output,pearson,spearman,mutual information (sklearn),MIC,MAS,MEV,MCN_general
pr,evap,0.001707393561386278,0.0028388213765655475,0.0,0.026594343183650993,0.00134458379907711,0.026594343183650993,3.5849625007211565
pr,potevap,-0.005438220068733066,-0.004090033954821714,0.0,0.025749549851878634,0.0006124034168597525,0.025749549851878634,3.5849625007211565
pr,qr,-0.005513523140564587,-0.001274333686865286,0.0,0.026197241634172887,0.0012527315540448551,0.026197241634172887,3.5849625007211565
pr,qtot,0.002444072439273454,-0.002769927538034279,0.0,0.026821740734978394,0.0013222681592608351,0.026821740734978394,3.5849625007211565
netrad,evap,0.004597634563985728,0.006012000788253687,0.000909962078035953,0.025747381368690817,0.00035769154070877576,0.025747381368690817,3.5849625007211565
netrad,potevap,-0.0040729346479315524,-0.005261599424608013,0.008207506348077764,0.026803914426815862,0.0006076451570239845,0.026803914426815862,3.5849625007211565
netrad,qr,-0.0023150568221913565,-0.0022663759461418035,0.0,0.026279181601366202,0.0007900447423743861,0.026279181601366202,3.5849625007211565
netrad,qtot,-0.001324158616785795,0.005511763438146605,0.0,0.026793192088457665,0.0014785463774295016,0.026793192088457665,3.5849625007211565
