input,output,pearson,spearman,mutual information (sklearn),MIC,MAS,MEV,MCN_general
pr,evap,-0.002590011759852636,-0.00038240142137735937,0.006607984269534128,0.026396001927249807,0.0006299187034242201,0.026396001927249807,3.5849625007211565
pr,potevap,0.003762557190999275,0.005885847045570258,0.0004007199168780673,0.02736967712203233,0.0005356469118107197,0.02736967712203233,3.5849625007211565
pr,qr,0.003701623439676555,0.0023192220461629846,0.00445649472375198,0.025812916019985876,0.00037024828665550673,0.025812916019985876,3.3219280948873626
pr,qtot,0.0005044011070724174,-0.0014137060702095739,0.003501468174131439,0.026933274979877218,0.0006746938404096868,0.026933274979877218,3.3219280948873626
netrad,evap,0.0019144240707171195,0.0020743138715447994,0.0011445951229989149,0.02667483132281279,0.000382651800493905,0.02667483132281279,3.5849625007211565
netrad,potevap,-0.001696009365399082,0.0001454745784780373,0.0027841949941684874,0.025947099580416418,0.0009796007973427497,0.025947099580416418,3.5849625007211565
netrad,qr,0.007313884888446942,0.0007017185288037535,0.0009296559767149049,0.026257662383643902,0.0011987283224430857,0.026257662383643902,3.5849625007211565
netrad,qtot,-0.0013664856893662748,0.00109797891162872,0.0,0.025731953294128546,0.0004597631359265098,0.025731953294128546,3.3219280948873626
