input,output,pearson,spearman,mutual information (sklearn),MIC,MAS,MEV,MCN_general
pr,evap,0.005778881133277699,0.0046775159106283,0.0,0.027112307520046494,0.0018954214814502143,0.027112307520046494,3.5849625007211565
pr,potevap,0.00026115776666271306,0.002231346212591119,0.0,0.025761241526065428,0.0006552360037395842,0.025761241526065428,3.5849625007211565
pr,qr,-0.000840271527232171,0.002001962000821982,0.00024535415178128517,0.02554608120944043,0.0005950673443272329,0.02554608120944043,3.5849625007211565
pr,qtot,-0.0045642362517890785,-0.0009901855460606671,0.0013726875394715066,0.02569512835367683,0.0006145591375607499,0.02569512835367683,3.3219280948873626
netrad,evap,-9.502937818631207e-05,-0.0013996380231002083,0.003940202357094691,0.026520630507823623,0.0003259308774713819,0.026520630507823623,3.5849625007211565
netrad,potevap,-0.006315254115147439,-0.006376604675585757,0.0,0.026506737853359642,0.0009157427373773855,0.026506737853359642,3.3219280948873626
netrad,qr,-0.00035294926420492874,-0.0021181076907477534,0.007268425198484252,0.02610703640892017,0.0010587775929185583,0.02610703640892017,3.8073549220576037
netrad,qtot,0.005086005471981672,0.0037058603847028135,0.0,0.026627929735818637,0.0005315855026714056,0.026627929735818637,3.5849625007211565
