input,output,pearson,spearman,mutual information (sklearn),MIC,MAS,MEV,MCN_general
pr,evap,-0.0024151566767485243,0.0005781580400993283,0.005114982147266467,0.025498850309111715,0.00040519119865894265,0.025498850309111715,3.5849625007211565
pr,potevap,-0.0005826538577923634,0.0011157259657832211,0.0,0.026532877436102473,0.00106093332821219,0.026532877436102473,3.5849625007211565
pr,qr,0.00368462448580283,0.0017851008844583266,0.002095375955142309,0.026390229711598795,0.0005338875768205889,0.026390229711598795,3.5849625007211565
pr,qtot,-0.001548780976288602,-0.007506284358165407,0.002886114428291897,0.027882313658516216,0.0017515626215074652,0.027882313658516216,3.5849625007211565
netrad,evap,0.004905209978272715,0.003426078764285318,0.0,0.025028639665200247,0.0005802221964884315,0.025028639665200247,3.3219280948873626
netrad,potevap,0.0029669368817533785,0.00134356710851402,0.0,0.02547084505522166,0.0005926779557079345,0.02547084505522166,3.5849625007211565
netrad,qr,-0.0023338296143884116,0.002190951799686135,0.0,0.02746931275434321,0.0007207743409301734,0.02746931275434321,3.8073549220576037
netrad,qtot,0.0064422829836510405,0.00035569014939471256,0.0,0.025577680189580905,0.0005853260623495411,0.025577680189580905,3.5849625007211565
