input,output,pearson,spearman,mutual information (sklearn),MIC,MAS,MEV,MCN_general
pr,evap,-0.0008530303296394334,0.0005393067538498477,0.0,0.02673068833388553,0.0011493758275780003,0.02673068833388553,3.5849625007211565
pr,potevap,0.0009401377173156086,0.0030730377192042715,0.0,0.02677760002981786,0.0009041871585463643,0.02677760002981786,3.5849625007211565
pr,qr,-0.00011137783754733375,0.003483170130083459,0.00463654236068578,0.026696176336866464,0.00044883593579960607,0.026696176336866464,3.5849625007211565
pr,qtot,0.003163947515146535,0.0011083022131633882,0.005083932855647788,0.026144076378449198,0.00118334181010501,0.026144076378449198,3.5849625007211565
netrad,evap,-0.0009816592379518249,0.0011670415956637613,0.0,0.026062715233439483,0.0006790261798915783,0.026062715233439483,3.5849625007211565
netrad,potevap,0.001667630083774384,0.0014166113958056544,0.0,0.02702241273246382,0.0008057631184394537,0.02702241273246382,3.5849625007211565
netrad,qr,0.002184822905496506,-0.0004399650707710286,0.0018116359311726171,0.025527613918297443,0.0003820054862692483,0.025527613918297443,3.5849625007211565
netrad,qtot,0.004612989899303429,0.005490279137831081,0.0025297170577260886,0.02702233445614825,0.0017319753655738804,0.02702233445614825,3.5849625007211565
